{
"articles":[
    {
        "id":"1",
        "title": "HTML",
        "imageUrl": "https://cdn-images-1.medium.com/max/1600/1*jCNANupl0ECRzF6cOLuWNw.gif",
        "text": "How to make your HTML responsive by adding a single line of CSS",
        "author": "Per Harald Borgen",
        "nameArticle": "How to make your HTML responsive by adding a single line of CSS",
        "imageProfile": "https://miro.medium.com/fit/c/240/240/0*EdUYcQhX6TPWdQ6p.jpg",
        "publicationTime": "Articulo publicado hace 5 minutos",
        "commentsNumber": "Comments: 5"
    },
    {
        "id": "2",
        "title": "CSS",
        "imageUrl": "https://cdn-images-1.medium.com/fit/t/800/240/1*Oc88rInEcNuY-xCN3e1iPQ.png",
        "text": "A quick tutorial on the future of website layouts.",
        "author": "Per Harald Borgen",
        "nameArticle": "Learn CSS Grid in 5 Minutes",
        "imageProfile": "https://cdn-images-1.medium.com/fit/c/100/100/0*EdUYcQhX6TPWdQ6p.jpg",
        "publicationTime": "Articulo publicado hace 5 minutos",
        "commentsNumber": "Comments: 5"
    },
    {
        "id": "3",
        "title": "CSS",
        "imageUrl": "https://cdn-images-1.medium.com/fit/t/800/240/1*YunI3ChUVMlpmFzo75FczQ.png",
        "text": "I have heard lots of developers say they hate CSS. In my experience, this comes as a result of not taking the time to learn CSS.",
        "author": "Ohans Emmanuel",
        "nameArticle": "CSS Naming Conventions that Will Save You Hours of Debugging",
        "imageProfile": "https://cdn-images-1.medium.com/fit/c/100/100/1*gbY8mVJoAKa_4Z3q2AtJow.png",
        "publicationTime": "Articulo publicado hace 5 minutos",
        "commentsNumber": "Comments: 5"
    },
    {
        "id": "4",
        "title": "NODE",
        "imageUrl": "https://cdn-images-1.medium.com/fit/t/800/240/1*sYPllpcAZLHmpuQSRPuO0Q.png",
        "text": "The left-pad fiasco shook the JavaScript community to its core when a rouge developer removed a popular module from npm, causing tens of projects to go dark.",
        "author": "Jordan Scales",
        "nameArticle": "I Peeked Into My Node_Modules Directory And You Won’t Believe What Happened Next",
        "imageProfile": "https://cdn-images-1.medium.com/fit/c/60/60/0*JyLij9xG1bZLtJIK.jpeg",
        "publicationTime": "Articulo publicado hace 5 minutos",
        "commentsNumber": "Comments: 5"
    },
    {
        "id": "5",
        "title": "MONGO",
        "imageUrl": "https://cdn-images-1.medium.com/fit/t/800/240/1*8Seydglu0RAQqkvQ7kIGCQ.jpeg",
        "text": "Lessons learned deploying a production web application in AWS",
        "author": "Jared Nutt",
        "nameArticle": "Deploying a production Node/Express Mongo App to AWS — A Reflection",
        "imageProfile": "https://cdn-images-1.medium.com/fit/c/100/100/1*-hm9Al1anCtn5BqoVqh9Cg.jpeg",
        "publicationTime": "Articulo publicado hace 5 minutos",
        "commentsNumber": "Comments: 5"
    },
    {
        "id": "6",
        "title": "EXPRESS",
        "imageUrl": "https://cdn-images-1.medium.com/fit/t/800/240/1*_BDozShS6r8dDACjRps4Lg.png",
        "text": "This post series has companion videos and exercises for members of “Learn JavaScript with Eric Elliott”.",
        "author": "Eric Elliott",
        "nameArticle": "Introduction to Node & Express",
        "imageProfile": "https://miro.medium.com/fit/c/240/240/0*WgY9B-Lm4DnCEHlO.jpeg",
        "publicationTime": "Articulo publicado hace 5 minutos",
        "commentsNumber": "Comments: 5"
    },
    {
        "id": "7",
        "title": "ANGULAR VS REACT VS VUE",
        "imageUrl": "https://cdn-images-1.medium.com/max/800/1*xRhs4h2a_rGpXNpoSNlA9w.png",
        "text": "Deciding on a JavaScript framework for your web application can be overwhelming.",
        "author": "Jens Neuhaus",
        "nameArticle": "Angular vs. React vs. Vue: A 2017 comparison",
        "imageProfile": "https://miro.medium.com/fit/c/240/240/1*468th8heNDWf1fqX-Ws0Hw.jpeg",
        "publicationTime": "Articulo publicado hace 5 minutos",
        "commentsNumber": "Comments: 5"
    },
    {
        "id": "8",
        "title": "REACT ",
        "imageUrl": "https://cdn-images-1.medium.com/fit/t/800/240/1*mJ-qdNqldpgae2U5oS0qDg.png",
        "text": "Having used Vue at work, I had a fairly solid understanding of it.",
        "author": "Sunil Sandhu",
        "nameArticle": "I created the exact same app in React and Vue. Here are the differences.",
        "imageProfile": "https://miro.medium.com/fit/c/240/240/1*Iy-81cmuoB0ffK571Lfvfw.jpeg",
        "publicationTime": "Articulo publicado hace 5 minutos",
        "commentsNumber": "Comments: 5"
    },
    {
        "id": "9",
        "title": "VUE",
        "imageUrl": "https://cdn-images-1.medium.com/fit/t/800/240/1*PHmNXbvOfg5AHiMWWuaRXg.jpeg",
        "text": "At Rever (www.reverscore.com) we just released a new version of our web client using Vue.js. ",
        "author": "Rever Score",
        "nameArticle": "Why we moved from Angular 2 to Vue.js ",
        "imageProfile": "https://miro.medium.com/fit/c/240/240/1*cNMRy5YbBNSNTWZYsUZKow.png",
        "publicationTime": "Articulo publicado hace 5 minutos",
        "commentsNumber": "Comments: 5"
    },
    {
        "id": "10",
        "title": "DEVOPS",
        "imageUrl": "https://cdn-images-1.medium.com/fit/t/800/240/0*StLXK67qSOoUwyCM.",
        "text": "Are you a developer looking to shift your career towards a more DevOps model?",
        "author": "Igor Kantor",
        "nameArticle": "How To Become a DevOps Engineer In Six Months or Less",
        "imageProfile": "https://miro.medium.com/fit/c/240/240/1*IyPB5n8v1i7zQK8uACAwGA.jpeg",
        "publicationTime": "Articulo publicado hace 5 minutos",
        "commentsNumber": "Comments: 5"
    }
  
]
}
